node_id,label,x,y
0,Node 0,981481.0950783951,197877.99701668986
1,Broadway / John St / Lexington Avenue Line,981604.3819842474,198068.09842571773
2,8 Avenue Line / Church St / Murray St,981801.5731936108,199331.74078574192
3,Node 3,981924.9719994824,199538.06579554357
4,Beekman St / Clark Street Line / Park Row [4],982322.7828183752,198563.4222492493
5,Beekman St / Clark Street Line / Theater Aly,982373.8622207921,198495.9584460467
6,8 Avenue Line / Dutch St / Fulton St,982294.5284170377,197902.06521783894
7,8 Avenue Line / Fulton St / Nassau St,982102.8818079219,198029.1680238665
8,Ann St / Clark Street Line / William St,982561.5226297051,197916.84861854216
9,Ann St & Gold St,982822.8344421246,197739.38181010203
10,Park Row (midblock) [10],982549.2178291238,198658.4692537698
11,Brooklyn Brg / Park Row / Spruce St,982576.7796304362,198643.17845302733
12,2000 Cb Boundary & Brooklyn Bridge Exit Ramp [12],983105.8652555626,198712.11605630704
13,2000 Cb Boundary & Brooklyn Bridge Exit Ramp [13],983100.7274553175,198731.1088572143
14,Node 14,983103.3980554476,198758.18555849476
15,Node 15,983105.2123555379,198776.59425936808
16,Node 16,983113.3127559135,198793.26736016807
17,2000 Cb Boundary & Brooklyn Bridge Exit Ramp [17],983123.2274563917,198809.28456092585
18,2000 Cb Boundary & Brooklyn Bridge Exit Ramp [18],983134.6675569271,198820.72476147706
19,2000 Cb Boundary & Brooklyn Bridge Exit Ramp [19],983144.8710574203,198827.18136176956
20,Brooklyn Bridge Exit Ramp (midblock) [20],983442.9216715681,198597.49685086857
21,Brooklyn Bridge Exit Ramp (midblock) [21],983447.6701136798,198596.04248867053
22,Brooklyn Bridge Exit Ramp (midblock) [22],983452.3095349662,198594.27086741684
23,Brooklyn Bridge Exit Ramp (midblock) [23],983456.8187653736,198592.1900711678
24,Brooklyn Bridge Exit Ramp (midblock) [24],983461.1772288367,198589.8095947709
25,Brooklyn Bridge Exit Ramp (midblock) [25],983465.3650373501,198587.14030055612
26,Brooklyn Bridge Exit Ramp (midblock) [26],983469.3630815761,198584.19436874
27,Brooklyn Bridge Exit Ramp (midblock) [27],983473.1531180427,198580.98524187793
28,Brooklyn Bridge Exit Ramp (midblock) [28],983476.717852533,198577.52756348942
29,Node 29,983480.0410188154,198573.83711127995
30,Node 30,983483.1074530185,198569.93072507484
31,Node 31,983485.9031627169,198565.8262300885
32,Node 32,983488.4153908205,198561.5423554912
33,Node 33,983490.6326738439,198557.09864895683
34,2000 Cb Boundary / Brooklyn Bridge Exit Ramp / Fdr Drive Nb En Brooklyn Br,983510.0704747601,198512.75954683207
35,Brooklyn Bridge Entrance Ramp & Frankfort St [35],983276.583463668,198273.33083546723
36,Brooklyn Bridge Entrance Ramp & Gold St [36],983235.8353617328,198281.3262358454
37,2 Avenue Line / Dover St / Fdr Drive Exit 2 Nb,983788.4851879907,197774.7712117931
38,2 Avenue Line / Brooklyn Bridge En Rp Fdr Dr / Pearl St,983800.0633885427,197788.49581243246
39,2000 Cb Boundary / Brooklyn Brg / Brooklyn Bridge Pedestrian Path [39],983326.2983660385,198401.18464154052
40,Brooklyn Brg & Rose St,983342.3473667967,198416.59044227036
41,2000 Cb Boundary & Brooklyn Bridge Exit Ramp [41],983225.6713612544,198833.14926205535
42,2000 Cb Boundary & Brooklyn Bridge Exit Ramp [42],983241.2911619991,198821.69636151133
43,2000 Cb Boundary & Brooklyn Bridge Exit Ramp [43],983251.1871624737,198811.01926100202
44,Node 44,983260.5621629048,198796.95676033568
45,Node 45,983266.2911631897,198785.4984597902
46,Node 46,983270.7183633863,198771.1755591118
47,Node 47,983272.0203634494,198755.81075837067
48,Node 48,983269.937163354,198738.10255754009
49,Node 49,983263.9473630796,198718.05055658674
50,Park Row (midblock) [50],983252.7496625495,198704.76925595655
51,Park Row (midblock) [51],983224.3641611892,198676.3837546116
52,Brooklyn Bridge Exit Ramp & Park Row [52],983189.9653595546,198641.76225297202
53,Brooklyn Bridge Exit Ramp & Park Row [53],983189.4097595379,198638.78465282783
54,Ann St / Broadway / Lexington Avenue Line,981865.55559665,198455.9907441419
55,Park Row (midblock) [55],981935.7619999937,198443.7081435674
56,Frankfort St / Gold St / Rose St,983247.9219623066,198316.0310374882
57,Frankfort St & Rose St,983254.3491626228,198326.5722379964
58,2000 Cb Boundary / Brooklyn Brg / Brooklyn Bridge Pedestrian Path [58],983065.4158536475,198673.29055446023
59,Brooklyn Brg / Brooklyn Bridge Pedestrian Path / Park Row [59],983114.4074559632,198619.15725189287
60,Frankfort St & Gold St [60],983240.1990619443,198303.36683689264
61,Frankfort St (midblock) [61],983174.3986588274,198353.9934393077
62,2 Avenue Line / Brooklyn Brg / Pearl St [62],983856.50019121,197881.16641683498
63,Brooklyn Brg / Brooklyn Bridge Pedestrian Path / Fdr Drive Entry Ramp [63],983910.6239937843,197823.68281410614
64,Brooklyn Bridge Entrance Ramp & Ct Boundary,983239.8898619256,198431.65974298064
65,Brooklyn Brg / Brooklyn Bridge Entrance Ramp / Rose St [65],983295.5403645763,198388.8812409478
66,Brooklyn Brg / Brooklyn Bridge Entrance Ramp / Rose St [66],983314.0316654582,198388.6358409424
67,2000 Cb Boundary & Brooklyn Brg [67],983325.367465987,198376.8729403805
68,Brooklyn Brg & Park Row [68],983087.5743546948,198557.43764895812
69,Brooklyn Brg & Park Row [69],983119.9891562315,198582.33625013908
70,Brooklyn Brg & Park Row [70],983089.0673547678,198614.58015167684
71,Brooklyn Brg (midblock) [71],983104.2412554924,198598.9567509226
72,2 Avenue Line / Brooklyn Brg / Pearl St [72],983828.7639898907,197836.5536147228
73,Brooklyn Brg & Fdr Drive Entry Ramp,983846.8315907572,197817.849613833
74,Brooklyn Brg (midblock) [74],983749.4071861361,197919.81781866966
75,Brooklyn Brg (midblock) [75],983802.8879886719,197863.53181601618
76,Brooklyn Brg (midblock) [76],983468.1243727643,198225.48183318845
77,Brooklyn Brg (midblock) [77],983493.4087739738,198197.28303185283
78,2000 Cb Boundary & Brooklyn Bridge Exit Ramp [78],983380.2477685921,198408.399441893
79,Brooklyn Bridge Exit Ramp & Rose St [79],983361.1832676963,198433.94624309617
80,Maiden Ln / Nassau St / Nassau Street Line,981784.5587927996,197600.69120352206
81,Node 81,982030.8378045103,197211.62388503965
82,John St / Nassau St / Nassau Street Line,981916.0809990455,197777.65601192907
83,Node 83,982632.7986331001,197409.74659444613
84,8 Avenue Line / Fulton St / Ryders Aly,982791.0956406163,197555.46480136827
85,Beekman St & William St,982697.8510361926,198093.31482692747
86,2010 Cb Boundary / Beekman St / Gold St,982912.014046356,197825.0510141681
87,2000 Cb Boundary / Centre St / Lexington Avenue Line [87],982700.4690363118,198739.30435760992
88,Park Row (midblock) [88],982744.5078383998,198751.55825816444
89,Node 89,982787.4406404339,198768.221658973
90,Node 90,982828.6086424,198789.10745996036
91,Node 91,982867.4110442407,198813.9103611459
92,Brooklyn Brg / Brooklyn Bridge Pedestrian Path / Centre St [92],982903.3098459385,198842.21096249836
93,Brooklyn Bridge Exit Ramp & Park Row [93],983168.0010585176,198617.53305182297
94,Brooklyn Bridge Exit Ramp & Park Row [94],983180.2310591046,198622.93925206363
95,District Boundary / Gold St / Spruce St,983070.9045539057,198009.23362291962
96,2000 Cb Boundary / Centre St / Lexington Avenue Line [96],983081.7512544233,199034.64157162924
97,2000 Cb Boundary / Centre St / Chambers St,983124.7366564563,199090.76357428136
98,1990 Ct Boundary / Centre St / Lafayette St,983251.2159624703,199276.7999831232
99,Duane St / Lafayette St / Lexington Avenue Line,983306.4421650933,199460.81539186707
100,Ave Of The Finest / Madison St / Rose St,983568.2657775279,198520.6793472223
101,Node 101,984011.539198576,197508.1453991218
102,2000 Cb Boundary & Pearl St,983768.4917870299,199327.9119855662
103,Node 103,983529.7685756966,199519.90639467415
104,Centre St / Duane St / St Andrews Plz,983392.3444691753,199390.59238852767
105,Elk St & Reade St [105],983011.6921510989,199414.17818965478
106,Node 106,983135.5107569675,199609.62399894893
107,Lexington Avenue Line & Park Row [107],982168.9248110671,198556.7818489254
108,Park Row (midblock) [108],982201.470012606,198547.05344847444
109,Frankfort St (midblock) [109],983181.8756591814,198364.76123981175
110,Ct Boundary & Frankfort St,983165.7305584059,198376.67384037437
111,Frankfort St (midblock) [111],983395.5759693189,198176.10003084518
112,Frankfort St (midblock) [112],983364.7952678648,198182.04503114114
113,2000 Cb Boundary & Brooklyn Brg [113],983355.7463674411,198402.34204159625
114,Brooklyn Brg (midblock) [114],983524.1023754312,198222.8110330697
115,Brooklyn Brg & Brooklyn Bridge Exit Ramp [115],983787.3008879256,197950.83802014973
116,Brooklyn Brg / Brooklyn Bridge Pedestrian Path / Fdr Drive Entry Ramp [116],983877.2777921988,197819.775413918
117,Frankfort St & Park Row [117],982793.4728407225,198677.19515465212
118,Frankfort St & Park Row [118],982814.0336417066,198675.06245455475
119,Brooklyn Brg (midblock) [119],982869.2218443258,198640.09115289702
120,Node 120,982960.6749486582,198567.55684942988
121,Node 121,982978.3874630409,198562.90244239234
122,Node 122,982996.3440790771,198559.30291313594
123,Node 123,983014.4820308387,198556.77084354154
124,Node 124,983032.7379185265,198555.31508426796
125,Brooklyn Brg & Park Row [125],983051.0479301217,198554.94072380225
126,Brooklyn Brg & Park Row [126],983069.3480643984,198555.64907067316
127,Brooklyn Brg / Brooklyn Bridge Pedestrian Path / Park Row [127],983137.5353570738,198594.74405073057
128,Brooklyn Brg & Brooklyn Bridge Pedestrian Path [128],983199.8322600283,198531.82734774463
129,Brooklyn Brg & Brooklyn Bridge Pedestrian Path [129],982928.2966471317,198816.17416125807
130,2 Avenue Line / 2000 Cb Boundary / Brooklyn Brg,983842.0677905363,197856.30421566145
131,Node 131,981957.442401019,197118.77938063006
132,Liberty St / Nassau St / Nassau Street Line,981651.7801865045,197443.7359960723
133,Ann St & Theater Aly,982099.1088077407,198242.12363398186
134,8 Avenue Line / Broadway / Fulton St,981737.5118905746,198271.82163539864
135,Ann St / Nassau St / Nassau Street Line,982205.2830127943,198159.6238300702
136,2000 Cb Boundary / Nassau Street Line / Park Row [136],982782.9066402329,198677.70015467727
137,2000 Cb Boundary / Brooklyn Brg / Brooklyn Bridge Pedestrian Path [137],983270.9659634081,198455.8588441348
138,Brooklyn Bridge Exit Ramp & Rose St [138],983410.2402700188,198474.11564501232
139,1990 Ct Boundary & Duane St,983357.3904675081,199419.17818989046
140,Node 140,983588.7616047213,198480.67988495782
141,Node 141,983610.185515641,198441.16973493982
142,Node 142,983632.5258358706,198402.17042719916
143,Node 143,983655.770391674,198363.70321337643
144,Node 144,983679.9065165228,198325.78905519447
145,Node 145,983704.9210580583,198288.4486129909
146,Node 146,983730.8003852499,198251.7022344226
147,Node 147,983757.5303522355,198215.56993811508
148,Node 148,983785.0964369167,198180.07141776982
149,Node 149,983813.4836178991,198145.2260174036
150,Node 150,983842.67642635,198111.05272510368
151,Node 151,983872.658954351,198077.57016270809
152,Node 152,983903.4148637648,198044.7965756625
153,Node 153,983934.9273949431,198012.74982310014
154,2000 Cb Boundary / Ave Of The Finest / Brooklyn Bridge Exit Ramp [154],983468.2659727777,198682.18185488918
155,Brooklyn Bridge Entrance Ramp & Frankfort St [155],983298.518964723,198269.20023525748
156,Brooklyn Bridge Entrance Ramp & Frankfort St [156],983065.1785536271,198459.6862443077
157,2000 Cb Boundary & Brooklyn Brg [157],983290.410264329,198471.2650448701
158,Elk St & Reade St [158],983030.2485519805,199402.95458912128
159,Cardinal Hayes Pl & Pearl St,983815.7685892889,199290.49418377638
160,Node 160,983981.5359971528,199371.56678763404
161,Brooklyn Brg & Brooklyn Bridge Pedestrian Path [161],983817.7601893835,197882.00941688268
162,Park Row (midblock) [162],982179.7662115861,198519.59694716256
163,Frankfort St (midblock) [163],983191.4786596302,198373.14044021073
164,Brooklyn Bridge Entrance Ramp & Frankfort St [164],983322.4232658448,198261.99563493457
165,Frankfort St & Gold St [165],983304.0538649843,198241.4248339518
166,Frankfort St (midblock) [166],983257.6890627749,198288.76403619588
167,Node 167,983894.4167930203,197946.47461994106
168,Brooklyn Brg (midblock) [168],983239.327161907,198463.429044498
169,Brooklyn Brg & Ct Boundary,983257.999962792,198444.62644359775
170,2 Avenue Line / Brooklyn Bridge En Rp Pearl St / Fdr Drive Entry Ramp,983813.0257891555,197810.1986134622
171,Brooklyn Brg / Brooklyn Bridge Entrance Ramp / Brooklyn Bridge Pedestrian Path,983338.7689666302,198388.4930409322
172,Brooklyn Brg & Brooklyn Bridge Pedestrian Path [172],983482.6861734667,198236.21723370234
173,Brooklyn Brg / Brooklyn Bridge Pedestrian Path / Centre St [173],983060.3798533983,199008.07677036445
174,Brooklyn Brg / Brooklyn Bridge Pedestrian Path / Centre St [174],983046.3115527321,198975.93776883575
175,Node 175,983027.0072518146,198931.53506672836
176,2010 Cb Boundary & Brooklyn Brg,983005.4520507901,198876.51866412177
177,Brooklyn Brg & Brooklyn Bridge Exit Ramp [177],983497.6529741723,198250.41623437565
178,2000 Cb Boundary & Fdr Drive Nb En Brooklyn Br [178],983531.3597757795,198437.22824324248
179,Node 179,981524.9629804774,197263.03438748693
180,8 Avenue Line / Barclay St / Church St,981569.7265826011,198941.4299671949
181,8 Avenue Line / Church St / Clark Street Line,981684.3653880508,199134.96297639745
182,Barclay St / Broadway / Broadway Line,982004.4796032426,198675.36415456072
183,Node 183,982131.759609297,197345.85239140491
184,Clark Street Line / John St / William St,982230.9014140018,197478.55799771613
185,2000 Cb Boundary / Broadway / Broadway Line,982247.1760147817,199061.84957291093
186,Frankfort St & Gold St [186],983312.790565386,198249.6530343428
187,Frankfort St (midblock) [187],983374.9493683425,198193.83963169646
188,2 Avenue Line / Pearl St / Peck Slip,983556.1857769497,197528.0764000712
189,Node 189,983723.374984892,197319.41819014927
190,Park Row (midblock) [190],982908.5657461873,198686.02675506906
191,Node 191,982961.0862486971,198649.79915334453
192,Node 192,982971.091179905,198642.49074431666
193,Node 193,982981.5990260838,198635.92593980354
194,Node 194,982992.5546255686,198630.13920227042
195,Node 195,983003.9004659305,198625.16090965163
196,Node 196,983015.576986254,198621.01719593184
197,Node 197,983027.5228897338,198617.729813854
198,Node 198,983039.6754653172,198615.3160208124
199,Brooklyn Brg & Park Row [199],983051.9709171065,198613.78848820104
200,Brooklyn Brg & Park Row [200],983064.3446990832,198613.1552349375
201,Brooklyn Brg & Park Row [201],983076.7318541326,198613.41958533376
202,Node 202,982914.6171464754,197362.20979218028
203,2010 Cb Boundary / 8 Avenue Line / District Boundary,982834.8724426924,197492.10379836656
204,Brooklyn Brg (midblock) [204],983815.5619892785,197850.2838153687
205,Connector & Park Row [205],982041.0396049906,198476.0460450879
206,Centre St / Lexington Avenue Line / Park Row,982658.5728343135,198709.68825619356
207,Brooklyn Bridge Entrance Ramp (midblock) [207],983093.8804550017,198310.35503722602
208,Brooklyn Bridge Entrance Ramp (midblock) [208],983088.4159687761,198312.82923413295
209,Brooklyn Bridge Entrance Ramp (midblock) [209],983083.1263137452,198315.65798123475
210,Brooklyn Bridge Entrance Ramp (midblock) [210],983078.0344630777,198318.82899324532
211,Brooklyn Bridge Entrance Ramp (midblock) [211],983073.1625307497,198322.3284983317
212,Brooklyn Bridge Entrance Ramp (midblock) [212],983068.531675725,198326.14129811313
213,Brooklyn Bridge Entrance Ramp (midblock) [213],983064.1620098947,198330.25083346822
214,Node 214,983060.0725108401,198334.6392566335
215,Node 215,983056.2809393108,198339.28750852452
216,Node 216,983052.8037622274,198344.17540171606
217,Node 217,983049.6560810489,198349.28170796216
218,Node 218,983046.8515661968,198354.58425045994
219,Node 219,983044.4023978098,198360.06000012357
220,Node 220,983042.3192126167,198365.6851756725
221,Node 221,983040.6110579672,198371.43534680532
222,Node 222,983039.2853524098,198377.2855404029
223,Node 223,983038.3478626296,198383.21035705585
224,Node 224,983037.8026516129,198389.18405644718
225,Node 225,983037.6520872395,198395.18069464448
226,Node 226,983037.8968233746,198401.17422813346
227,Node 227,983038.5357971747,198407.1386268418
228,Node 228,983039.5662335164,198413.04798724712
229,Node 229,983040.9836572115,198418.8766448479
230,Node 230,983042.7819123571,198424.59928565455
231,Brooklyn Bridge Entrance Ramp & Frankfort St [231],983044.9531891025,198430.19105610953
232,Brooklyn Bridge Entrance Ramp & Frankfort St [232],983047.4880574954,198435.62767101912
233,Brooklyn Bridge Entrance Ramp & Frankfort St [233],983050.3755086053,198440.88551901752
234,Brooklyn Bridge Entrance Ramp & Frankfort St [234],983053.6030020993,198445.9417651602
235,Brooklyn Bridge Entrance Ramp & Frankfort St [235],983057.1565209327,198450.77445004554
236,Brooklyn Bridge Entrance Ramp & Frankfort St [236],983061.0206320878,198455.36258523847
237,2000 Cb Boundary & Brooklyn Bridge Exit Ramp [237],983443.8271716228,198420.59104245823
238,Beekman St / Clark Street Line / Lexington Avenue Line,982304.3872174921,198598.66475092198
239,Beekman St / Clark Street Line / Park Row [239],982313.3012179128,198581.73905012547
240,2000 Cb Boundary & Frankfort St [240],983271.845863446,198314.25603742004
241,Frankfort St (midblock) [241],983304.8970650104,198282.03163587465
242,Brooklyn Brg (midblock) [242],983271.106763408,198492.3736458829
243,Brooklyn Brg & Park Row [243],983158.578158066,198603.96755117516
244,Brooklyn Brg & Brooklyn Bridge Exit Ramp [244],983215.6550607821,198552.25734871655
245,Node 245,984197.575607418,197452.94219649638
246,Node 246,984138.6780046239,197485.07779802292
247,Node 247,984108.297603174,197507.79439909663
248,Node 248,984055.7648006828,197553.79500128192
249,Brooklyn Bridge En Rp Fdr Dr (midblock),983854.2889911094,197735.0248099015
250,Brooklyn Bridge Exit Ramp (midblock) [250],983350.949967207,198573.49104972757
251,Brooklyn Bridge Exit Ramp (midblock) [251],983354.8840747178,198577.43215121413
252,Brooklyn Bridge Exit Ramp (midblock) [252],983359.056538223,198581.11997317025
253,Brooklyn Bridge Exit Ramp (midblock) [253],983363.4510815125,198584.54012989218
254,Brooklyn Bridge Exit Ramp (midblock) [254],983368.0505619935,198587.67927975403
255,Brooklyn Bridge Exit Ramp (midblock) [255],983372.8370377115,198590.52517732207
256,Brooklyn Bridge Exit Ramp (midblock) [256],983377.7918371855,198593.06672112452
257,Brooklyn Bridge Exit Ramp (midblock) [257],983382.8956323559,198595.29399691435
258,Node 258,983388.1285139878,198597.1983163414
259,Node 259,983393.4700692297,198598.77225093156
260,Node 260,983398.8994479177,198600.00966582465
261,Brooklyn Bridge Exit Ramp (midblock) [261],983404.395484449,198600.9057299916
262,Brooklyn Bridge Exit Ramp (midblock) [262],983409.9367394409,198601.45694800673
263,Brooklyn Bridge Exit Ramp (midblock) [263],983415.5015972271,198601.66116962887
264,Brooklyn Bridge Exit Ramp (midblock) [264],983421.0683499292,198601.51759820647
265,Brooklyn Bridge Exit Ramp (midblock) [265],983426.6152823559,198601.02679380946
266,Brooklyn Bridge Exit Ramp (midblock) [266],983432.1207566556,198600.19067098483
267,Brooklyn Bridge Exit Ramp (midblock) [267],983437.5632966174,198599.01249135975
268,2000 Cb Boundary & Brooklyn Brg [268],983833.6623901295,197903.51201790408
269,Brooklyn Brg / Brooklyn Bridge Exit Ramp / Brooklyn Bridge Pedestrian Path [269],983508.0199746636,198209.44703243743
270,2000 Cb Boundary & Fdr Drive Nb En Brooklyn Br [270],983786.7431879039,198065.0374255794
271,Node 271,981534.2936809217,197848.53841528512
272,Node 272,981585.2515833369,197814.8476137006
273,Node 273,981633.4797856311,197777.19681189753
274,Node 274,981678.5321877754,197735.93360993147
275,Liberty Pl & Maiden Ln,981720.0149897339,197691.47180781796
276,Broadway / Dey St / Lexington Avenue Line,981623.5683851509,198099.0826271912
277,Node 277,981255.6492676868,198319.49543765848
278,Broadway / Broadway Line / Clark Street Line,982124.8468089713,198871.44986387918
279,Beekman St / Clark Street Line / Nassau St,982453.7406245907,198396.85414132298
280,Node 280,982439.2556239065,197302.7947893739
281,8 Avenue Line / Clark Street Line / Fulton St,982465.8174251602,197787.4230123965
282,Broadway / Broadway Line / Chambers St,982500.8140268314,199466.4385921402
283,Node 283,982617.5920323738,199652.77040098482
284,Edens Aly & Gold St,982583.2942307452,197463.35219698958
285,8 Avenue Line / Fulton St / Gold St,982721.6896373184,197618.38800436247
286,Chambers St & Elk St,982914.1628464619,199214.72338018386
287,2000 Cb Boundary & Gold St [287],983148.0881575608,198091.90962684294
288,2000 Cb Boundary & Gold St [288],983156.7754090145,198104.14774684378
289,2000 Cb Boundary & Gold St [289],983165.1137733755,198116.62619217217
290,Node 290,983173.0966064346,198129.33501961062
291,Node 291,983180.7175471791,198142.26410234778
292,Node 292,983187.9705230286,198155.40313808175
293,Node 293,983194.8497545115,198168.7416572117
294,Node 294,983201.3497600987,198182.2690311365
295,Node 295,983207.4653439205,198195.97446300802
296,Node 296,983213.1916497916,198209.8470492408
297,Node 297,983218.5241148181,198223.8757357473
298,Node 298,983223.4584899534,198238.04934395762
299,Brooklyn Bridge Entrance Ramp & Gold St [299],983227.9908432971,198252.35657992683
300,Brooklyn Bridge Entrance Ramp & Gold St [300],983232.1175633376,198266.7860431815
301,2000 Cb Boundary / Brooklyn Bridge Entrance Ramp / Ct Boundary,983154.0278578564,198297.81563662807
302,2000 Cb Boundary & Madison St,983808.4621889455,198549.62624858855
303,Node 303,984008.041798413,198566.89664941162
304,Brooklyn Brg / Brooklyn Bridge Exit Ramp / Brooklyn Bridge Pedestrian Path [304],983251.5267624866,198475.60164506725
305,Brooklyn Bridge En Rp Fdr Dr / Brooklyn Bridge En Rp Pearl St / Brooklyn Bridge Entrance Ramp [305],983389.2604690193,198220.5980329611
306,Brooklyn Brg / Brooklyn Bridge Pedestrian Path / Park Row [306],983125.4128564901,198608.14665136999
307,Brooklyn Brg & Park Row [307],983149.041057615,198612.6083515746
308,Brooklyn Brg (midblock) [308],982912.8209463957,198801.20706053288
309,Frankfort St (midblock) [309],983385.6940688479,198204.2562321889
310,Brooklyn Brg (midblock) [310],982889.6976452923,198667.23765417706
311,Node 311,982937.7590475839,198632.17385250246
312,Node 312,982945.5830140755,198626.86193356186
313,Node 313,982953.5436651696,198621.75713492493
314,Node 314,982961.635519178,198616.86297169025
315,Node 315,982969.8530040979,198612.18281395093
316,Node 316,982978.1904614286,198607.71988443896
317,Node 317,982986.6421500746,198603.47725628567
318,Node 318,982995.2022503025,198599.45785095394
319,Node 319,981443.9621766356,198708.31875611507
320,Node 320,981442.2759765539,199545.57559589803
321,Spruce St & William St,982837.8620428293,198304.76383696083
322,2000 Cb Boundary & Brooklyn Bridge Exit Ramp [322],983556.1005769518,198444.88904361884
323,Node 323,983901.522993354,199222.6235805583
324,2000 Cb Boundary & Brooklyn Bridge Exit Ramp [324],983391.5535691387,198503.17934638812
325,Brooklyn Bridge Exit Ramp (midblock) [325],983378.1127685012,198714.22245641245
326,Brooklyn Bridge Exit Ramp (midblock) [326],983385.1526446623,198714.665479602
327,Brooklyn Bridge Exit Ramp (midblock) [327],983392.206445395,198714.6700203461
328,Brooklyn Bridge Exit Ramp (midblock) [328],983399.2468860692,198714.23606109523
329,Brooklyn Bridge Exit Ramp (midblock) [329],983406.2467336942,198713.3652804328
330,Brooklyn Bridge Exit Ramp (midblock) [330],983413.1789122819,198712.0610466073
331,Node 331,983420.016607581,198710.32840449916
332,Node 332,983426.7333708098,198708.17405611504
333,Node 333,983433.3032239652,198705.60632013142
334,2000 Cb Boundary / Ave Of The Finest / Brooklyn Bridge Exit Ramp [334],983439.7007504385,198702.63514307406
335,2000 Cb Boundary / Ave Of The Finest / Brooklyn Bridge Exit Ramp [335],983445.9012041372,198699.2720176896
336,2000 Cb Boundary / Ave Of The Finest / Brooklyn Bridge Exit Ramp [336],983451.8806011688,198695.52995282738
337,2000 Cb Boundary / Ave Of The Finest / Brooklyn Bridge Exit Ramp [337],983457.6158127198,198691.4234230772
338,2000 Cb Boundary / Ave Of The Finest / Brooklyn Bridge Exit Ramp [338],983463.0846545997,198686.9683128634
339,Brooklyn Brg & Brooklyn Bridge Pedestrian Path [339],983768.4656870359,197934.13201936326
340,2000 Cb Boundary & Brooklyn Bridge Entrance Ramp,983326.3715660437,198388.15644091245
341,Liberty Pl & Liberty St,981572.0165827087,197495.8225985323
342,Node 342,982049.0400053682,199743.78400530788
343,Ann St (midblock),981904.6995985059,198398.85884143965
344,Brooklyn Bridge En Rp Pearl St (midblock),983460.6086724106,198169.87643055667
345,2000 Cb Boundary & Frankfort St [345],983265.7139631498,198303.21253689204
346,Brooklyn Bridge En Rp Fdr Dr / Brooklyn Bridge En Rp Pearl St / Brooklyn Bridge Entrance Ramp [346],983365.0051678728,198240.58483390545
347,Brooklyn Bridge Entrance Ramp & Frankfort St [347],983337.3740665631,198256.47723466562
348,Brooklyn Brg (midblock) [348],983189.9760595517,198514.05214690146
349,Brooklyn Brg (midblock) [349],983046.649452747,198658.59585375706
350,2000 Cb Boundary & Brooklyn Brg [350],983077.5714542287,198686.61415510497
351,Brooklyn Brg & Park Row [351],983139.1155571481,198623.19045208525
352,Node 352,983567.8688775159,198347.07083897482
353,Node 353,983607.5931793903,198272.00543540687
354,Node 354,983639.1383808979,198226.4412332356
355,2000 Cb Boundary & Brooklyn Bridge Exit Ramp [355],983682.366682948,198173.8658307362
356,Node 356,981200.695165066,199161.87557767177
357,Dutch St & John St,982085.221007093,197617.10840429572
358,Broadway / Broadway Line / City Hall Park Greenway,982369.8794206086,199262.54198245786
359,2000 Cb Boundary & Brooklyn Bridge Exit Ramp [359],983166.0980584285,198834.81266213825
360,2000 Cb Boundary & Brooklyn Bridge Exit Ramp [360],983183.3552592404,198837.3160622582
361,2000 Cb Boundary & Brooklyn Bridge Exit Ramp [361],983200.6124600606,198837.3160622582
362,Node 362,983368.1119680238,199663.393601503
363,Node 363,984185.6072068523,197383.99219321986
364,2000 Cb Boundary & Brooklyn Bridge Exit Ramp [364],983342.3249668044,198465.2222445745
365,2000 Cb Boundary & Brooklyn Bridge Exit Ramp [365],983334.5975664258,198484.1835454888
366,2000 Cb Boundary & Brooklyn Bridge Exit Ramp [366],983329.2407661665,198498.14024613498
367,Node 367,983532.35377583,198151.7722296903
368,Cardinal Hayes Pl & St Andrews Plz,983443.2595715964,199066.06547312328
369,Beekman St & District Boundary,983159.9088581358,197468.49479724438
370,Node 370,983306.7736651152,197250.48178687663
371,2010 Cb Boundary & St Andrews Plz,983381.4551686493,199186.98377886583
372,Beekman St / Cliff St / District Boundary,983149.218157619,197484.36599799021
373,District Boundary & Frankfort St,983639.7775809303,197935.0458193986
374,Node 374,984097.5024026623,197590.8366030475
375,Node 375,984075.6714016339,197579.77140252275
376,2010 Cb Boundary / Centre St / Lexington Avenue Line,982945.2174479369,198886.46536459387
377,Park Row (midblock) [377],982741.4270382535,198729.97695716287
378,City Hall Park Greenway (midblock) [378],982888.011845217,198922.28586628838
379,City Hall Park Greenway (midblock) [379],982875.5296446225,198954.27656780055
380,Node 380,982856.1539437013,198975.6247688212
381,Node 381,982780.388440104,199005.77217025933
382,Node 382,982754.3151388618,199026.60837123622
383,Node 383,982638.1890333607,199082.2687738892
384,Node 384,982537.1958285561,199158.30617749685
385,Brooklyn Bridge Pedestrian Path (midblock) [385],983002.3374506527,198824.80466166025
386,Brooklyn Brg & Nassau Street Line [386],983012.5778511312,198776.47755935873
387,Brooklyn Brg & Nassau Street Line [387],982947.5527480395,198764.65015881247
388,Brooklyn Brg / Brooklyn Bridge Pedestrian Path / Nassau Street Line,982973.7838492984,198769.4476590306
389,Brooklyn Brg & Nassau Street Line [389],983025.5604517473,198747.9636580044
390,Connector & Park Row [390],982074.8146065891,198580.2456500419
391,Connector & Park Row [391],982065.5363835422,198581.189990362
392,Connector & Park Row [392],982056.2193810951,198581.6031091151
393,Connector & Park Row [393],982046.893989266,198581.48365882612
394,Connector & Park Row [394],982037.5906253464,198580.8320290647
395,Node 395,982028.3396348062,198579.6503453299
396,Node 396,982019.171192408,198577.94246199704
397,Node 397,982010.1152035145,198575.71394983263
398,Node 398,982007.7841769559,198574.79782842385
399,Node 399,982005.492746711,198573.7867345743
400,Node 400,982003.2447803605,198572.68237483883
401,Node 401,982001.0440720278,198571.48661315575
402,Node 402,981998.8943360434,198570.20146775685
403,Node 403,981996.799200932,198568.82910775262
404,Node 404,981994.7622027851,198567.37184943786
405,Node 405,981991.3852080025,198564.65730283762
406,Node 406,981988.2095445924,198561.70975828712
407,Node 407,981985.251252949,198558.5441039398
408,Node 408,981982.5252755,198555.17632960083
409,Node 409,981980.0453812475,198551.62344605112
410,Node 410,981977.8240962639,198547.90339901455
411,Node 411,981975.8726402832,198544.03497858992
412,Node 412,981974.2008702166,198540.03772430128
413,Node 413,981972.8172302535,198535.9318264267
414,Connector & Lexington Avenue Line [414],981971.7287091594,198531.7380239909
415,Connector & Lexington Avenue Line [415],981970.9408051079,198527.4775000534
416,Connector & Lexington Avenue Line [416],981970.4574978648,198523.17177467383
417,Connector & Lexington Avenue Line [417],981970.281228573,198518.84259621345
418,Connector & Lexington Avenue Line [418],981970.4128876324,198514.51183151253
419,Connector & Lexington Avenue Line [419],981970.8518100092,198510.20135540792
420,Connector & Lexington Avenue Line [420],981971.5957786423,198505.93294028754
421,Connector & Lexington Avenue Line [421],981972.6410357862,198501.72814606797
422,Connector & Lexington Avenue Line [422],981973.982301795,198497.60821128692
423,Connector & Lexington Avenue Line [423],981975.61280188,198493.59394591989
424,Connector & Lexington Avenue Line [424],981980.0240080965,198491.53787136305
425,Connector & Lexington Avenue Line [425],981984.4887051871,198489.6006923687
426,Connector & Lexington Avenue Line [426],981989.0036892589,198487.7837990938
427,Connector & Lexington Avenue Line [427],981993.5657203787,198486.08849530926
428,Connector & Lexington Avenue Line [428],981998.171524704,198484.51599762368
429,Connector & Lexington Avenue Line [429],982002.8177971246,198483.0674344847
430,Connector & Park Row [430],982007.5012033996,198481.74384535628
431,Connector & Park Row [431],982012.2183606931,198480.5461422373
432,Connector & Park Row [432],982016.9659068863,198479.47522184913
433,Connector & Park Row [433],982021.74043512,198478.53185270465
434,Connector & Park Row [434],982026.5385192035,198477.71671174507
435,Connector & Park Row [435],982031.356715919,198477.03038394966
436,Connector & Park Row [436],982036.1915676898,198476.47336182947
437,Connector & Park Row [437],982080.6833066054,198576.25576545476
438,Connector & Park Row [438],982086.7597824335,198572.5900785859
439,Connector & Park Row [439],982093.0261433971,198569.25938215273
440,Connector & Park Row [440],982099.4639397562,198566.27348254027
441,Lexington Avenue Line (midblock) [441],982106.0542170414,198563.6411710076
442,Lexington Avenue Line (midblock) [442],982112.7775717948,198561.37019773736
443,Lexington Avenue Line (midblock) [443],982119.6142087281,198559.46724905467
444,Lexington Avenue Line (midblock) [444],982126.5439973163,198557.93791512476
445,Lexington Avenue Line (midblock) [445],982133.5465370413,198556.78671161048
446,Lexington Avenue Line (midblock) [446],982140.6012105955,198556.01702798982
447,Lexington Avenue Line (midblock) [447],982147.6872472182,198555.63113038096
448,Lexington Avenue Line & Park Row [448],982154.7837837627,198555.63015496318
449,Lexington Avenue Line & Park Row [449],982161.8699262126,198556.0141046358
450,Park Row (midblock) [450],982206.2618128355,198527.71614754098
451,Lexington Avenue Line & Park Row [451],982195.4912123246,198564.99574932046
452,Park Row (midblock) [452],982748.2672880903,198730.77778979085
453,Park Row (midblock) [453],982755.1262139387,198731.3986656345
454,Park Row (midblock) [454],982761.9990822342,198731.83915624305
455,Park Row (midblock) [455],982768.8811497963,198732.09895758744
456,Park Row (midblock) [456],982775.7676670833,198732.17789037168
457,Node 457,982782.6538814612,198732.0759001305
458,Brooklyn Brg & Nassau Street Line [458],982789.535040544,198731.79305725248
459,Brooklyn Brg & Nassau Street Line [459],982796.4064114986,198731.3295011812
460,Brooklyn Brg & Nassau Street Line [460],982803.263234616,198730.6856071475
461,Brooklyn Brg & Nassau Street Line [461],982810.1007778022,198729.86181951142
462,Nassau Street Line & Park Row [462],982816.9143222267,198728.85870680874
463,Nassau Street Line & Park Row [463],982823.6991656724,198727.67696131373
464,Nassau Street Line & Park Row [464],982830.4506256564,198726.3173985982
465,Nassau Street Line & Park Row [465],982837.1640428014,198724.78095691328
466,Nassau Street Line & Park Row [466],982848.1300464242,198721.23953671695
467,Nassau Street Line & Park Row [467],982858.857104479,198717.02941586744
468,Nassau Street Line & Park Row [468],982869.3044836507,198712.16658128914
469,Park Row (midblock) [469],982879.4325126724,198706.66949835658
470,Park Row (midblock) [470],982889.2027328012,198700.5590408777
471,Park Row (midblock) [471],982898.5780440826,198693.858411812
472,Park Row (midblock) [472],982907.5228461446,198686.59305510478
473,Brooklyn Brg (midblock) [473],982736.3122380081,198704.2051559252
474,Brooklyn Brg (midblock) [474],982741.7364464403,198705.10591368942
475,Brooklyn Brg (midblock) [475],982747.1832690254,198705.85792779716
476,Brooklyn Brg (midblock) [476],982752.6486276969,198706.46063520954
477,Brooklyn Brg (midblock) [477],982758.1284304553,198706.91358466176
478,Brooklyn Brg (midblock) [478],982763.6185745305,198707.21643702578
479,2000 Cb Boundary / Nassau Street Line / Park Row [479],982769.1149494005,198707.36896558432
480,2000 Cb Boundary / Nassau Street Line / Park Row [480],982774.6134398287,198707.37105608193
481,2000 Cb Boundary / Nassau Street Line / Park Row [481],982780.1099277749,198707.22266210557
482,Brooklyn Brg & Nassau Street Line [482],982785.6002980182,198706.9239396401
483,Brooklyn Brg & Nassau Street Line [483],982791.0804398637,198706.47511238267
484,Brooklyn Brg & Nassau Street Line [484],982796.5462502511,198705.87651633433
485,Brooklyn Brg & Nassau Street Line [485],982801.9936368715,198705.12859969315
486,Brooklyn Brg & Nassau Street Line [486],982807.4185212512,198704.2319224314
487,Brooklyn Brg & Nassau Street Line [487],982812.8168416461,198703.18715588684
488,Brooklyn Brg & Nassau Street Line [488],982818.7082553819,198701.6115037995
489,Brooklyn Brg & Nassau Street Line [489],982824.5548355242,198699.87687544074
490,Brooklyn Brg & Nassau Street Line [490],982830.3522931021,198697.98454336685
491,Brooklyn Brg & Nassau Street Line [491],982836.0963751078,198695.93589575074
492,Brooklyn Brg & Nassau Street Line [492],982841.7828676964,198693.73243548552
493,Nassau Street Line & Park Row [493],982847.4075992696,198691.37577902732
494,Nassau Street Line & Park Row [494],982852.966443553,198688.86765520126
495,Brooklyn Brg (midblock) [495],982858.4553037242,198686.20986689636
496,Brooklyn Brg (midblock) [496],982863.8701710411,198683.40440140397
497,Brooklyn Brg (midblock) [497],982869.2070731834,198680.45331683158
498,Brooklyn Brg (midblock) [498],982874.462095023,198677.3587780659
499,Brooklyn Brg (midblock) [499],982879.6313814826,198674.12305525833
500,Brooklyn Brg (midblock) [500],982884.7111404223,198670.7485221102
501,Broadway Line & Vesey St,981799.5943935231,198496.70004607833
502,Broadway & Broadway Line [502],981927.822999613,198552.24304870667
503,Brooklyn Bridge Pedestrian Path & Nassau Street Line [503],982993.6588502364,198773.04915919973
504,Brooklyn Bridge Pedestrian Path & Nassau Street Line [504],982997.02459629,198765.04628447344
505,Brooklyn Bridge Pedestrian Path & Nassau Street Line [505],983000.824690045,198757.24029078224
506,Brooklyn Bridge Pedestrian Path & Nassau Street Line [506],983005.0476658938,198749.6547304591
507,Brooklyn Brg & Nassau Street Line [507],983009.6807821377,198742.31249073936
508,Node 508,983014.7100597012,198735.23572470594
509,Node 509,983020.1203242078,198728.44578449687
510,Node 510,983025.895251765,198721.96315677132
511,Node 511,983031.48448363,198714.96420748983
512,Node 512,983037.092640399,198707.9804132334
513,2000 Cb Boundary / Brooklyn Brg / Brooklyn Bridge Pedestrian Path [513],983042.7196808744,198701.01182518696
514,2000 Cb Boundary / Brooklyn Brg / Brooklyn Bridge Pedestrian Path [514],983048.3655638695,198694.05849438213
515,2000 Cb Boundary / Brooklyn Brg / Brooklyn Bridge Pedestrian Path [515],983054.0302480451,198687.12047178549
516,2000 Cb Boundary / Brooklyn Brg / Brooklyn Bridge Pedestrian Path [516],983059.7136918296,198680.19780824738
517,Brooklyn Brg / Brooklyn Bridge Pedestrian Path / Centre St [517],982909.0614668718,198843.77170742842
518,Brooklyn Brg / Brooklyn Bridge Pedestrian Path / Centre St [518],982914.9035425782,198844.94951012213
519,Brooklyn Brg / Brooklyn Bridge Pedestrian Path / Centre St [519],982920.8106061833,198845.73923630203
520,Brooklyn Brg / Brooklyn Bridge Pedestrian Path / Centre St [520],982926.7569074614,198846.13744336294
521,Brooklyn Brg / Brooklyn Bridge Pedestrian Path / Centre St [521],982932.7165251966,198846.14239543115
522,Brooklyn Brg & Brooklyn Bridge Pedestrian Path [522],982938.663480045,198845.7540709287
523,Brooklyn Brg & Brooklyn Bridge Pedestrian Path [523],982944.5718479016,198844.97416262917
524,Brooklyn Brg & Brooklyn Bridge Pedestrian Path [524],982950.4158401791,198843.8060590069
525,Brooklyn Bridge Pedestrian Path (midblock) [525],982956.1700140821,198842.25486771078
526,Brooklyn Bridge Pedestrian Path (midblock) [526],982961.8092861478,198840.3273506955
527,Brooklyn Bridge Pedestrian Path (midblock) [527],982967.3090738937,198838.03191031032
528,Brooklyn Bridge Pedestrian Path (midblock) [528],982972.6454027306,198835.37855277347
529,Brooklyn Bridge Pedestrian Path (midblock) [529],982977.7950106858,198832.3788445423
530,Brooklyn Bridge Pedestrian Path (midblock) [530],982982.7354497156,198829.0458618579
531,2010 Cb Boundary & Brooklyn Bridge Pedestrian Path [531],982985.3635498431,198879.83596427794
532,Brooklyn Bridge Pedestrian Path (midblock) [532],982982.7641347299,198828.6010339719
533,Brooklyn Bridge Pedestrian Path (midblock) [533],982982.7937154152,198828.1562647469
534,Brooklyn Bridge Pedestrian Path (midblock) [534],982982.8241916591,198827.71155599967
535,Brooklyn Bridge Pedestrian Path (midblock) [535],982982.8555633383,198827.26690951444
536,Brooklyn Bridge Pedestrian Path (midblock) [536],982982.8878303467,198826.82232709404
537,Brooklyn Bridge Pedestrian Path (midblock) [537],982982.9209925228,198826.37781057376
538,Brooklyn Bridge Pedestrian Path (midblock) [538],982982.955049722,198825.93336170996
539,Brooklyn Bridge Pedestrian Path (midblock) [539],982983.6878194525,198818.2412869474
540,Brooklyn Bridge Pedestrian Path (midblock) [540],982984.688609658,198810.57947353585
541,Brooklyn Bridge Pedestrian Path (midblock) [541],982985.9562008679,198802.95725742928
542,Brooklyn Bridge Pedestrian Path & Nassau Street Line [542],982987.4890485122,198795.38392632848
543,Brooklyn Bridge Pedestrian Path & Nassau Street Line [543],982989.2852848184,198787.8687083812
544,Brooklyn Bridge Pedestrian Path & Nassau Street Line [544],982991.3427210762,198780.42076088666
545,Node 545,983008.8706509612,198932.15086676044
546,Node 546,983004.4728506261,198925.19451224824
547,Node 547,983000.4078219208,198918.03860158182
548,2010 Cb Boundary & Brooklyn Bridge Pedestrian Path [548],982996.6846010394,198910.6990415301
549,2010 Cb Boundary & Brooklyn Bridge Pedestrian Path [549],982993.3114641907,198903.19214712884
550,2010 Cb Boundary & Brooklyn Bridge Pedestrian Path [550],982990.2959094634,198895.53460536877
551,2010 Cb Boundary & Brooklyn Bridge Pedestrian Path [551],982987.6446402111,198887.7434381173
552,8 Avenue Line & Fulton St,981561.9247822318,198378.42184045844
553,Node 553,981348.6639721078,198507.89394659916
554,Node 554,981450.450176941,199274.00078299505
555,Clark Street Line & William St [555],982625.4452327477,197999.59122246335
556,Beekman St & Clark Street Line,982624.7580327105,198187.78023140502
557,Nassau Street Line & St Andrews Plz [557],983346.5837669985,199211.0321799987
558,Nassau Street Line & St Andrews Plz [558],983387.1219689241,199292.94178389214
559,Centre St & Nassau Street Line,983464.5707726022,199458.55639176446
560,Park Row (midblock) [560],982555.8586294332,198636.72525273234
561,Lexington Avenue Line & Park Row [561],982545.2138289359,198673.47555446616
562,Lexington Avenue Line / Park Row / Spruce St,982567.4370299879,198680.4282547986
563,Spruce St (midblock) [563],982582.810430722,198624.1232521259
564,2000 Cb Boundary / Nassau St / Nassau Street Line,982628.0536328688,198559.925849085
565,Park Row (midblock) [565],982681.1142353856,198649.77865334088
566,Brooklyn Brg (midblock) [566],982602.4308316543,198661.2080538799
567,2000 Cb Boundary (midblock),983297.1912646608,198374.50144027692
568,Broadway & Broadway Line [568],982302.7940174208,199149.1969770754
569,John St (midblock) [569],982150.6740102016,197552.80520125324
570,Clark Street Line & William St [570],982319.363418207,197594.1840032032
571,Nassau St & Nassau Street Line [571],981724.3965899487,197529.5746001504
572,Spruce St (midblock) [572],982739.074038147,198424.16964262826
573,Spruce St (midblock) [573],982772.9813397516,198383.18564067915
574,Brooklyn Bridge Exit Ramp & Park Row [574],983160.5040581671,198627.75405230228
575,2000 Cb Boundary & Brooklyn Bridge Exit Ramp [575],983115.4775560213,198687.53555514148
576,Brooklyn Bridge Exit Ramp & Park Row [576],983173.4501587752,198610.06905145748
577,Park Row (midblock) [577],983254.0516626101,198652.16505345557
578,2000 Cb Boundary & Park Row [578],983393.3920692179,198771.5734591328
579,2000 Cb Boundary & Park Row [579],983444.4161716404,198813.88376113938
580,2000 Cb Boundary & Park Row [580],983422.4894705968,198828.13046180547
581,2000 Cb Boundary & Park Row [581],983446.0141717185,198851.94796295717
582,2000 Cb Boundary & Park Row [582],983479.0505732886,198879.96616428162
583,Park Row & St Andrews Plz,983499.135974243,198898.7723651705
584,2000 Cb Boundary / Park Row / St Andrews Plz,983504.5884744979,198888.81636470775
585,Park Row (midblock) [585],983464.8511726069,198833.7173620807
586,Park Row (midblock) [586],983484.7375735643,198853.11526300007
587,2000 Cb Boundary & Park Row [587],983513.1285749066,198879.28376424708
588,2000 Cb Boundary & Park Row [588],983388.128368974,198777.8574594254
589,2000 Cb Boundary & Park Row [589],983435.7501712304,198820.05546144073
590,2000 Cb Boundary & Park Row [590],983458.711772318,198840.72976242512
591,2000 Cb Boundary & Park Row [591],983489.1644737724,198872.86416393536
592,Park Row (midblock) [592],983378.057468489,198789.2645599758
593,Park Row (midblock) [593],983245.4000621871,198669.22975427328
594,Park Row (midblock) [594],983250.4058624349,198658.4150537548
595,Park Row (midblock) [595],983171.27235867,198631.4277524851
596,Park Row (midblock) [596],983208.7139604536,198627.083952269
597,Park Row (midblock) [597],983184.4146592907,198615.62765172284
598,Park Row (midblock) [598],983197.1534599069,198629.61605238568
599,Nassau St & Nassau Street Line [599],982588.1414309746,198522.61274731313
600,Nassau St & Nassau Street Line [600],982564.5372298518,198500.5264462632
601,John St (midblock) [601],982165.3114108889,197539.259000602
602,Clark Street Line & William St [602],982273.8538160459,197534.29860036157
603,Clark Street Line & William St [603],982290.7176168428,197556.85760144205
604,District Boundary & Gold St,982867.1784442177,197781.98021211545
605,Node 605,981532.0115808103,197519.48579965555
606,2020 Cb Boundary & Liberty Pl,981644.4129861397,197591.52820308646
607,Frankfort St & Park Row [607],983009.8151510021,198504.89704646298
608,Node 608,983044.1821526304,198537.84604803406
609,Node 609,983049.9357385335,198541.53323824
610,Brooklyn Brg & Park Row [610],983055.8616753826,198544.9365299669
611,Brooklyn Brg & Park Row [611],983061.9459661559,198548.04788466607
612,Brooklyn Brg & Park Row [612],983068.1742397533,198550.85995331255
613,Brooklyn Brg & Park Row [613],983074.5317850114,198553.36609380133
614,Brooklyn Brg & Park Row [614],983081.0035854588,198555.56038665678
615,2 Avenue Line / District Boundary / Pearl St,983654.4258816228,197632.40440502533
616,Cliff St & District Boundary,983062.8071535187,197439.37199585311
617,Brooklyn Bridge Exit Ramp (midblock) [617],983336.3273665173,198608.33345137953
618,Brooklyn Bridge Exit Ramp (midblock) [618],983334.6558569975,198614.9323028241
619,Brooklyn Bridge Exit Ramp (midblock) [619],983333.4728018034,198621.63597082344
620,Brooklyn Bridge Exit Ramp (midblock) [620],983332.7845726921,198628.40835039908
621,Brooklyn Bridge Exit Ramp (midblock) [621],983332.5948763795,198635.21296644816
622,Brooklyn Bridge Exit Ramp (midblock) [622],983332.9047345516,198642.01317029627
623,Node 623,983333.7124783401,198648.77233698434
624,Node 624,983335.0137573464,198655.45406261124
625,Node 625,983336.8015630555,198662.02236033828
626,Node 626,983339.0662666403,198668.44185423307
627,Node 627,983341.7956574255,198674.67794608534
628,Node 628,983344.9750467819,198680.69707381728
629,Node 629,983348.5873109711,198686.4668192991
630,Brooklyn Bridge Exit Ramp (midblock) [630],983352.6129948802,198691.9561074619
631,Brooklyn Bridge Exit Ramp (midblock) [631],983357.0304167286,198697.135373778
632,Brooklyn Bridge Exit Ramp (midblock) [632],983361.8157848981,198701.9767234701
633,Brooklyn Bridge Exit Ramp (midblock) [633],983366.9433260866,198706.45408170237
634,Brooklyn Bridge Exit Ramp (midblock) [634],983372.385424079,198710.54333406477
635,Node 635,983445.7527717068,197405.16599422778
636,Brooklyn Brg (midblock) [636],983119.3929562132,198541.86844821888
637,Brooklyn Brg (midblock) [637],983128.4552450187,198537.07254999262
638,Brooklyn Brg (midblock) [638],983137.4484073832,198532.14824810947
639,Brooklyn Brg (midblock) [639],983146.3706240349,198527.09653871498
640,Brooklyn Brg (midblock) [640],983155.2200901525,198521.9184437236
641,Brooklyn Brg (midblock) [641],983163.9950155325,198516.6150106051
642,Brooklyn Brg (midblock) [642],983172.6936250884,198511.18731221737
643,Brooklyn Brg (midblock) [643],983181.3141591564,198505.6364465088
644,Brooklyn Brg (midblock) [644],983189.854843289,198499.96352632437
645,Brooklyn Brg (midblock) [645],983198.3139802527,198494.1697097371
646,Brooklyn Brg (midblock) [646],983206.6898588203,198488.25616878262
647,Brooklyn Brg (midblock) [647],983214.9807846547,198482.22409970444
648,Brooklyn Brg (midblock) [648],983223.185080587,198476.07472274
649,Brooklyn Brg (midblock) [649],983231.301086934,198469.80928186545
650,Brooklyn Brg (midblock) [650],982699.0754362504,198692.24635537283
651,Brooklyn Bridge Exit Ramp (midblock) [651],983564.8575773684,198426.5278427425
652,Node 652,983635.7689807407,198277.84523567458
653,2000 Cb Boundary & Brooklyn Bridge Exit Ramp [653],983717.5797846181,198170.4144305732
654,Brooklyn Bridge Exit Ramp (midblock) [654],983812.2847891152,198069.97082581255
655,Node 655,983907.6745936432,197968.80062100367
656,Brooklyn Bridge Exit Ramp (midblock) [656],983738.6359856095,198040.55762441456
657,Brooklyn Bridge Exit Ramp (midblock) [657],983733.6789853872,198049.6962248388
658,Node 658,983580.221178099,198237.70423376854
659,Node 659,983487.8724737173,198356.24403941215
660,Brooklyn Bridge Entrance Ramp & Frankfort St [660],983069.6007649287,198463.55044958595
661,Brooklyn Bridge Entrance Ramp & Frankfort St [661],983074.2612823562,198467.12362920807
662,Brooklyn Bridge Entrance Ramp & Frankfort St [662],983079.1409863239,198470.39112430735
663,Brooklyn Bridge Entrance Ramp & Frankfort St [663],983084.2198580502,198473.33953017354
664,Brooklyn Bridge Entrance Ramp & Frankfort St [664],983089.477061659,198475.95675106195
665,Brooklyn Bridge Entrance Ramp & Frankfort St [665],983094.8910297112,198478.23204994245
666,Node 666,983100.4395516206,198480.15609250142
667,Node 667,983106.0998648095,198481.72098540928
668,Node 668,983111.8487480571,198482.92030878054
669,Node 669,983117.6626168189,198483.74914242144
670,Node 670,983123.5176199325,198484.20408609748
671,Node 671,983129.389737453,198484.2832734032
672,Node 672,983135.254879326,198483.98637947498
673,Node 673,983141.0889840128,198483.31462232006
674,Brooklyn Bridge Entrance Ramp (midblock) [674],983146.8681173319,198482.2707577938
675,Brooklyn Bridge Entrance Ramp (midblock) [675],983152.5685706423,198480.85906830413
676,Brooklyn Bridge Entrance Ramp (midblock) [676],983158.1669580489,198479.0853452388
677,Brooklyn Bridge Entrance Ramp (midblock) [677],983177.9991589924,198467.5764446855
678,Brooklyn Bridge Exit Ramp (midblock) [678],983329.2117661678,198499.96244622744
679,Brooklyn Bridge Exit Ramp (midblock) [679],983328.0430026945,198504.31757652835
680,Brooklyn Bridge Exit Ramp (midblock) [680],983327.1581062063,198508.73912899947
681,Brooklyn Bridge Exit Ramp (midblock) [681],983326.5607755164,198513.20862160414
682,Brooklyn Bridge Exit Ramp (midblock) [682],983326.2535074644,198517.7073719197
683,Brooklyn Bridge Exit Ramp (midblock) [683],983326.2375864687,198522.21657523446
684,Brooklyn Bridge Exit Ramp (midblock) [684],983326.5130790478,198526.71738314634
685,Brooklyn Bridge Exit Ramp (midblock) [685],983327.078833665,198531.19098234316
686,Brooklyn Bridge Exit Ramp (midblock) [686],983327.9324854609,198535.61867323835
687,Node 687,983329.0704661559,198539.98194814243
688,Brooklyn Bridge Exit Ramp (midblock) [688],983330.4879929435,198544.26256536404
689,Brooklyn Bridge Exit Ramp (midblock) [689],983332.1791663773,198548.442636925
690,Brooklyn Bridge Exit Ramp (midblock) [690],983334.1369174117,198552.5046902043
691,Brooklyn Bridge Exit Ramp (midblock) [691],983336.3530626886,198556.43174585397
692,Brooklyn Bridge Exit Ramp (midblock) [692],983338.8183387169,198560.20738884268
693,Brooklyn Bridge Exit Ramp (midblock) [693],983341.5224407004,198563.81583705096
694,Brooklyn Bridge Exit Ramp (midblock) [694],983344.4540654988,198567.24200718044
695,Brooklyn Bridge Exit Ramp (midblock) [695],983347.6009590046,198570.471577936
696,Node 696,984171.3256061679,197374.8155927804
697,Fdr Drive Exit 2 Nb (midblock),983829.3003899301,197732.13140976228
698,Park Row (midblock) [698],983609.4343794878,198945.65226740143
699,Node 699,984001.4931981132,199058.90507277224
700,Park Row (midblock) [700],983618.7277799237,198938.7814670648
701,Node 701,984002.2857981458,199052.54257247198
702,Park Row (midblock) [702],983621.8096800761,198929.31576661655
703,Node 703,984002.8071981637,199041.3602719464
